<?xml version="1.0" encoding="utf-8"?>
<AlarmClasses xmlns:xsi="http://www.w3.org/2001/XMLSchema-instance" xmlns:xsd="http://www.w3.org/2001/XMLSchema" xmlns="http://www.nxtcontrol.com/AlarmClasses.xsd">
  <Class Name="Alarm" Prio="80">
    <State State="NoAlarm" Color="Transparent">
    </State>
    <State State="Came" Color="AlarmCame">
    </State>
    <State State="CameNA" Color="AlarmCameNotAcked">
    </State>
    <State State="GoneNA" Color="AlarmGoneNotAcked">
    </State>
    <State State="CameGoneNA" Color="AlarmGoneNotAcked">
    </State>
    <Shortcut Text="A" />
  </Class>
  <Class Name="Warning" Prio="60">
    <State State="NoAlarm" Color="Transparent">
    </State>
    <State State="Came" Color="WarningCame">
    </State>
    <State State="CameNA" Color="WarningCameNotAcked">
    </State>
    <State State="GoneNA" Color="WarningGoneNotAcked">
    </State>
    <State State="CameGoneNA" Color="WarningGoneNotAcked">
    </State>
    <Shortcut Text="W" />
  </Class>
</AlarmClasses>
