<?xml version="1.0" encoding="utf-8"?>
<DeployFiles CompileTime="2026-01-28 21:35:58Z" Compiler="90E02843-42CC-4C2C-B657-AB6EE7D00471" NetworkProfile="(Local Test)" BaseSnapshotGuid="{00000000-0000-0000-0000-000000000000}" xmlns="http://tempuri.org/DeploySnapshot.xsd">
  <Deployable>
    <DeployInformation Type="Working">
      <FileGroup Name="FileList">
        <FileItem Name="Basics/SE.DPAC#DS_SELECTX_2536758B411A6CE51.bin" Library="SE.DPAC.90E02843-42CC-4C2C-B657-AB6EE7D00471.dll" BuildId="5dcc80b8-60eb-507a-ed08-d0bd53f22479" />
        <FileItem Name="Composites/SE.DPAC#DPAC_FULLINIT.bin" Library="SE.DPAC.90E02843-42CC-4C2C-B657-AB6EE7D00471.dll" BuildId="e4db503f-6796-1d8d-2e08-2b25845f9935" />
        <FileItem Name="Main#FB_SorterLogic.bin" Library="IEC61499.dll" BuildId="0bebdd06-e125-07f3-02be-7a2a091c29f9" />
        <FileItem Name="Main#SYMLINKMULTIVARSRC_277E97BEC1451D2C.bin" Library="IEC61499.dll" BuildId="ce025b95-1cb4-7634-7134-dd8858290911" />
        <FileItem Name="Main#EQUIP_Sorter.bin" Library="IEC61499.dll" BuildId="61eeeb80-a034-3c87-730f-3ce0ade2d769" />
        <FileItem Name="Main#ICouleur.bin" Library="IEC61499.dll" BuildId="cbad3d5c-e170-1737-bafb-e3e8d8626b91" />
        <FileItem Name="Main#FB_TriLogic.bin" Library="IEC61499.dll" BuildId="b6ee68ad-897c-e6eb-6ec8-4b2a2aca6131" />
        <FileItem Name="Main#SYMLINKMULTIVARSRC_154988C56DC16E7CE.bin" Library="IEC61499.dll" BuildId="77c6be03-7c76-1de7-77d4-bcb4c3bf5294" />
        <FileItem Name="Main#EQUIP_TRIManager.bin" Library="IEC61499.dll" BuildId="032df1c0-5932-1f8d-bdbe-4f1b189f8475" />
        <FileItem Name="Main#SYMLINKMULTIVARDST_1559B0FF8170C9BA0.bin" Library="IEC61499.dll" BuildId="b0613cae-fa5c-1c16-08cc-9e0b30f38c08" />
        <FileItem Name="Main#SYMLINKMULTIVARSRC_1559B0FF8170C9BA0.bin" Library="IEC61499.dll" BuildId="1c5ec7a3-a6dc-d1df-2bf8-9d7a12cd9def" />
        <FileItem Name="Main#EQUIP_ExitConveyor.bin" Library="IEC61499.dll" BuildId="6e8ffbd5-c2f7-f465-8654-7372bef6de51" />
        <FileItem Name="Main#FB_VisionSensor.bin" Library="IEC61499.dll" BuildId="d9fd3b6c-c011-112f-f062-7f1e2cab233e" />
        <FileItem Name="Main#SYMLINKMULTIVARDST_5A03F112CD5D470.bin" Library="IEC61499.dll" BuildId="b70692d5-78e1-9203-b46e-60a1bc1491d3" />
        <FileItem Name="Main#EQUIP_VisionSensor.bin" Library="IEC61499.dll" BuildId="d5aec776-8cc0-caee-a1d7-dba899eb404d" />
        <FileItem Name="Main#FB_EntryLogic.bin" Library="IEC61499.dll" BuildId="eaae65f9-fda3-71b5-9686-d0b4175bb42a" />
        <FileItem Name="Main#SYMLINKMULTIVARSRC_65D63179E2618F5E.bin" Library="IEC61499.dll" BuildId="de395ce2-9e89-1da4-63a6-411a7c5a0a4e" />
        <FileItem Name="Main#SYMLINKMULTIVARDST_5495E501E675F500.bin" Library="IEC61499.dll" BuildId="dc2f0fae-5654-ce61-ece0-0b728f9c3b4b" />
        <FileItem Name="Main#EQUIP_EntryConveyor.bin" Library="IEC61499.dll" BuildId="0be648cf-c3b4-2d43-8b17-7da9fa4f0541" />
        <FileItem Name="Composites/Standard.IoModbus#MODBUS_HMI.bin" Library="Standard.IoModbus.90E02843-42CC-4C2C-B657-AB6EE7D00471.dll" BuildId="9a36b155-58f2-541d-cf47-03ba93780dd6" />
        <FileItem Name="Basics/Standard.IoModbus#TIME2UDINT.bin" Library="Standard.IoModbus.90E02843-42CC-4C2C-B657-AB6EE7D00471.dll" BuildId="bb8a1e71-a452-6faa-0168-4b8395c8f583" />
        <FileItem Name="Adapters/Standard.IoModbus#IHwSlaveConfig.bin" Library="Standard.IoModbus.90E02843-42CC-4C2C-B657-AB6EE7D00471.dll" BuildId="3905d6eb-186b-f8d6-3aaf-e6dd4316641f" />
        <FileItem Name="Basics/Standard.IoModbus#MUL_2449E3A5F7EE2D347.bin" Library="Standard.IoModbus.90E02843-42CC-4C2C-B657-AB6EE7D00471.dll" BuildId="8a666d39-5073-adcb-4cd4-8c859504767e" />
        <FileItem Name="Composites/Standard.IoModbus#MODBUS.bin" Library="Standard.IoModbus.90E02843-42CC-4C2C-B657-AB6EE7D00471.dll" BuildId="160cde20-b2cc-b7bb-39c4-62c8e5bb3bcf" />
        <FileItem Name="Composites/Standard.IoModbus#MODBUSGENTCPS_HMI.bin" Library="Standard.IoModbus.90E02843-42CC-4C2C-B657-AB6EE7D00471.dll" BuildId="7ce41fe0-2d56-11b4-42ad-b16ca2dd92b9" />
        <FileItem Name="Basics/Standard.IoModbus#ONLINE_OFFLINE_INT.bin" Library="Standard.IoModbus.90E02843-42CC-4C2C-B657-AB6EE7D00471.dll" BuildId="16dc8eaa-8d5d-a884-7464-7a7a96990ffd" />
        <FileItem Name="Basics/Standard.IoModbus#DS_SELECTX_2536758B411A6CE51.bin" Library="Standard.IoModbus.90E02843-42CC-4C2C-B657-AB6EE7D00471.dll" BuildId="24700016-dbee-7073-93e4-e96a8f72aae1" />
        <FileItem Name="Composites/Standard.IoModbus#HW_OCINIT_ACK.bin" Library="Standard.IoModbus.90E02843-42CC-4C2C-B657-AB6EE7D00471.dll" BuildId="5e5588e9-27af-0473-78fb-601b34f4ace9" />
        <FileItem Name="Adapters/Standard.IoModbus#IHwGenSlot.bin" Library="Standard.IoModbus.90E02843-42CC-4C2C-B657-AB6EE7D00471.dll" BuildId="879ceee1-f3b4-ed49-1f0a-1914aded41f0" />
        <FileItem Name="Basics/Standard.IoModbus#ADD_2449E3A5F7EE2D347.bin" Library="Standard.IoModbus.90E02843-42CC-4C2C-B657-AB6EE7D00471.dll" BuildId="a15db68e-d830-9574-797d-ca38c28d3277" />
        <FileItem Name="Basics/Standard.IoModbus#COMPARE_10593E80BE744DDAF.bin" Library="Standard.IoModbus.90E02843-42CC-4C2C-B657-AB6EE7D00471.dll" BuildId="baa5f12b-1dcb-8a2f-edef-9f14ed8caa0b" />
        <FileItem Name="Basics/Standard.IoModbus#SYMLINKMULTIVARSRC_75EA05D83EA26443.bin" Library="Standard.IoModbus.90E02843-42CC-4C2C-B657-AB6EE7D00471.dll" BuildId="577609b3-645a-07a0-6de1-c8186c742ce5" />
        <FileItem Name="Basics/Standard.IoModbus#SYMLINKMULTIVARDST_1559B0FF8170C9BA0.bin" Library="Standard.IoModbus.90E02843-42CC-4C2C-B657-AB6EE7D00471.dll" BuildId="e2e47c18-1f3f-6abc-4978-d2dae521a569" />
        <FileItem Name="Basics/Standard.IoModbus#NOT_42C76073DCEB1A7A.bin" Library="Standard.IoModbus.90E02843-42CC-4C2C-B657-AB6EE7D00471.dll" BuildId="1d86ea2c-ef42-cc86-8b87-c666036ce987" />
        <FileItem Name="Basics/Standard.IoModbus#E_REND_X_148CCC6046D4CE74C.bin" Library="Standard.IoModbus.90E02843-42CC-4C2C-B657-AB6EE7D00471.dll" BuildId="0592d9bf-c984-9d74-c3f1-83a66a9e3cef" />
        <FileItem Name="Composites/Standard.IoModbus#MODBUSGENTCPS.bin" Library="Standard.IoModbus.90E02843-42CC-4C2C-B657-AB6EE7D00471.dll" BuildId="88ccc196-b027-8dd0-469e-d7e91e86953c" />
        <FileItem Name="Composites/Standard.IoModbus#MODBUSRCOIL8_HMI.bin" Library="Standard.IoModbus.90E02843-42CC-4C2C-B657-AB6EE7D00471.dll" BuildId="f547ac34-a687-604d-54c8-6281c4a9113e" />
        <FileItem Name="Basics/Standard.IoModbus#SYMLINKMULTIVARSRC_802772FD4080E26E.bin" Library="Standard.IoModbus.90E02843-42CC-4C2C-B657-AB6EE7D00471.dll" BuildId="152a5057-f9fc-f191-2d64-0c9967cf7d0c" />
        <FileItem Name="Basics/Standard.IoModbus#PD_ANY_IN_17847B0F6BAB60A94.bin" Library="Standard.IoModbus.90E02843-42CC-4C2C-B657-AB6EE7D00471.dll" BuildId="3396d230-a27c-820e-17b1-470559153931" />
        <FileItem Name="Basics/Standard.IoModbus#SYMLINKMULTIVARDST_5A03F112CD5D470.bin" Library="Standard.IoModbus.90E02843-42CC-4C2C-B657-AB6EE7D00471.dll" BuildId="a24b9ee7-a60d-8aa7-e830-e36fd330cb10" />
        <FileItem Name="Basics/Standard.IoModbus#COMPARE_739E3FB559152FE.bin" Library="Standard.IoModbus.90E02843-42CC-4C2C-B657-AB6EE7D00471.dll" BuildId="97721e31-9aef-2372-05c8-99577da7c0bc" />
        <FileItem Name="Composites/Standard.IoModbus#MODBUSRCOIL8.bin" Library="Standard.IoModbus.90E02843-42CC-4C2C-B657-AB6EE7D00471.dll" BuildId="50fa0b51-3645-8067-db19-ba6656f2f1ae" />
        <FileItem Name="Composites/Standard.IoModbus#MODBUSWCOIL8_HMI.bin" Library="Standard.IoModbus.90E02843-42CC-4C2C-B657-AB6EE7D00471.dll" BuildId="86d6b519-d055-0a73-c7c7-d2e01e00493c" />
        <FileItem Name="Composites/Standard.IoModbus#HW_OCINIT.bin" Library="Standard.IoModbus.90E02843-42CC-4C2C-B657-AB6EE7D00471.dll" BuildId="d64848e0-4983-57cf-e9ed-250a4b73159c" />
        <FileItem Name="Basics/Standard.IoModbus#SYMLINKMULTIVARDST_91EC7219ED37E472.bin" Library="Standard.IoModbus.90E02843-42CC-4C2C-B657-AB6EE7D00471.dll" BuildId="b7fd0eb4-7af3-917d-453a-e8b30273a788" />
        <FileItem Name="Basics/Standard.IoModbus#PD_ANY_OUT_1454F48B413EF8B3F.bin" Library="Standard.IoModbus.90E02843-42CC-4C2C-B657-AB6EE7D00471.dll" BuildId="72d7fdba-12f1-7b41-5991-da78072950b4" />
        <FileItem Name="Composites/Standard.IoModbus#MODBUSWCOIL8.bin" Library="Standard.IoModbus.90E02843-42CC-4C2C-B657-AB6EE7D00471.dll" BuildId="95724b17-a55a-e4a4-45e2-ff2011c7dba3" />
        <FileItem Name="Composites/Standard.IoModbus#MODBUSRREG1_HMI.bin" Library="Standard.IoModbus.90E02843-42CC-4C2C-B657-AB6EE7D00471.dll" BuildId="2086eb87-2673-ab65-3d71-439c849004f9" />
        <FileItem Name="Basics/Standard.IoModbus#SYMLINKMULTIVARSRC_18556BCA74EA878F1.bin" Library="Standard.IoModbus.90E02843-42CC-4C2C-B657-AB6EE7D00471.dll" BuildId="430c7019-facc-1396-8d08-a5d8b8529644" />
        <FileItem Name="Basics/Standard.IoModbus#PD_ANY_IN_842F42743DE0B99A.bin" Library="Standard.IoModbus.90E02843-42CC-4C2C-B657-AB6EE7D00471.dll" BuildId="5b3c7cef-ed50-418a-0b41-b9f20bbf32de" />
        <FileItem Name="Composites/Standard.IoModbus#MODBUSRREG1.bin" Library="Standard.IoModbus.90E02843-42CC-4C2C-B657-AB6EE7D00471.dll" BuildId="da81ee6b-d25f-67bc-0c2f-ea87c5e3b942" />
        <FileItem Name="Composites/Standard.IoModbus#MODBUSWREG4_HMI.bin" Library="Standard.IoModbus.90E02843-42CC-4C2C-B657-AB6EE7D00471.dll" BuildId="4ad5ddec-e5b9-e25d-d934-c9aebb994701" />
        <FileItem Name="Basics/Standard.IoModbus#SYMLINKMULTIVARDST_15292F208F22048C1.bin" Library="Standard.IoModbus.90E02843-42CC-4C2C-B657-AB6EE7D00471.dll" BuildId="6472d097-02ec-d48a-0769-34fc54200b5d" />
        <FileItem Name="Basics/Standard.IoModbus#PD_ANY_OUT_26E1DB3412DDAC62.bin" Library="Standard.IoModbus.90E02843-42CC-4C2C-B657-AB6EE7D00471.dll" BuildId="910b0099-7c6b-af5a-c0f9-b04b47a7e8ef" />
        <FileItem Name="Composites/Standard.IoModbus#MODBUSWREG4.bin" Library="Standard.IoModbus.90E02843-42CC-4C2C-B657-AB6EE7D00471.dll" BuildId="6487a95d-44b5-72ca-d46d-1f59605391a5" />
        <FileItem Name="Composites/Standard.IoModbus#MODBUSSLOTEND.bin" Library="Standard.IoModbus.90E02843-42CC-4C2C-B657-AB6EE7D00471.dll" BuildId="120089ff-9842-5d3e-231f-7d910d36a9b1" />
        <FileItem Name="Composites/Standard.IoModbus#MODBUSSLAVEND.bin" Library="Standard.IoModbus.90E02843-42CC-4C2C-B657-AB6EE7D00471.dll" BuildId="2dd6a31e-5cea-18b9-4aa1-dd73e6e75a7d" />
        <DeviceItem ID="1f57b87a-52a6-47c9-9509-d7b4e1173fed" Hash="151A54554E0DEEBE9" AllReferencesHash="78F23D754EEDDFEA79CE389B27D4F6CADAFB2F7B" />
      </FileGroup>
      <FileGroup Name="DeployList">
        <FileItem Name="Basics/SE.DPAC#DS_SELECTX_2536758B411A6CE51.bin" Library="SE.DPAC.90E02843-42CC-4C2C-B657-AB6EE7D00471.dll" />
        <FileItem Name="Composites/SE.DPAC#DPAC_FULLINIT.bin" Library="SE.DPAC.90E02843-42CC-4C2C-B657-AB6EE7D00471.dll" />
        <FileItem Name="Main#FB_SorterLogic.bin" Library="IEC61499.dll" />
        <FileItem Name="Main#SYMLINKMULTIVARSRC_277E97BEC1451D2C.bin" Library="IEC61499.dll" />
        <FileItem Name="Main#EQUIP_Sorter.bin" Library="IEC61499.dll" />
        <FileItem Name="Main#ICouleur.bin" Library="IEC61499.dll" />
        <FileItem Name="Main#FB_TriLogic.bin" Library="IEC61499.dll" />
        <FileItem Name="Main#SYMLINKMULTIVARSRC_154988C56DC16E7CE.bin" Library="IEC61499.dll" />
        <FileItem Name="Main#EQUIP_TRIManager.bin" Library="IEC61499.dll" />
        <FileItem Name="Main#SYMLINKMULTIVARDST_1559B0FF8170C9BA0.bin" Library="IEC61499.dll" />
        <FileItem Name="Main#SYMLINKMULTIVARSRC_1559B0FF8170C9BA0.bin" Library="IEC61499.dll" />
        <FileItem Name="Main#EQUIP_ExitConveyor.bin" Library="IEC61499.dll" />
        <FileItem Name="Main#FB_VisionSensor.bin" Library="IEC61499.dll" />
        <FileItem Name="Main#SYMLINKMULTIVARDST_5A03F112CD5D470.bin" Library="IEC61499.dll" />
        <FileItem Name="Main#EQUIP_VisionSensor.bin" Library="IEC61499.dll" />
        <FileItem Name="Main#FB_EntryLogic.bin" Library="IEC61499.dll" />
        <FileItem Name="Main#SYMLINKMULTIVARSRC_65D63179E2618F5E.bin" Library="IEC61499.dll" />
        <FileItem Name="Main#SYMLINKMULTIVARDST_5495E501E675F500.bin" Library="IEC61499.dll" />
        <FileItem Name="Main#EQUIP_EntryConveyor.bin" Library="IEC61499.dll" />
        <FileItem Name="Composites/Standard.IoModbus#MODBUS_HMI.bin" Library="Standard.IoModbus.90E02843-42CC-4C2C-B657-AB6EE7D00471.dll" />
        <FileItem Name="Basics/Standard.IoModbus#TIME2UDINT.bin" Library="Standard.IoModbus.90E02843-42CC-4C2C-B657-AB6EE7D00471.dll" />
        <FileItem Name="Adapters/Standard.IoModbus#IHwSlaveConfig.bin" Library="Standard.IoModbus.90E02843-42CC-4C2C-B657-AB6EE7D00471.dll" />
        <FileItem Name="Basics/Standard.IoModbus#MUL_2449E3A5F7EE2D347.bin" Library="Standard.IoModbus.90E02843-42CC-4C2C-B657-AB6EE7D00471.dll" />
        <FileItem Name="Composites/Standard.IoModbus#MODBUS.bin" Library="Standard.IoModbus.90E02843-42CC-4C2C-B657-AB6EE7D00471.dll" />
        <FileItem Name="Composites/Standard.IoModbus#MODBUSGENTCPS_HMI.bin" Library="Standard.IoModbus.90E02843-42CC-4C2C-B657-AB6EE7D00471.dll" />
        <FileItem Name="Basics/Standard.IoModbus#ONLINE_OFFLINE_INT.bin" Library="Standard.IoModbus.90E02843-42CC-4C2C-B657-AB6EE7D00471.dll" />
        <FileItem Name="Basics/Standard.IoModbus#DS_SELECTX_2536758B411A6CE51.bin" Library="Standard.IoModbus.90E02843-42CC-4C2C-B657-AB6EE7D00471.dll" />
        <FileItem Name="Composites/Standard.IoModbus#HW_OCINIT_ACK.bin" Library="Standard.IoModbus.90E02843-42CC-4C2C-B657-AB6EE7D00471.dll" />
        <FileItem Name="Adapters/Standard.IoModbus#IHwGenSlot.bin" Library="Standard.IoModbus.90E02843-42CC-4C2C-B657-AB6EE7D00471.dll" />
        <FileItem Name="Basics/Standard.IoModbus#ADD_2449E3A5F7EE2D347.bin" Library="Standard.IoModbus.90E02843-42CC-4C2C-B657-AB6EE7D00471.dll" />
        <FileItem Name="Basics/Standard.IoModbus#COMPARE_10593E80BE744DDAF.bin" Library="Standard.IoModbus.90E02843-42CC-4C2C-B657-AB6EE7D00471.dll" />
        <FileItem Name="Basics/Standard.IoModbus#SYMLINKMULTIVARSRC_75EA05D83EA26443.bin" Library="Standard.IoModbus.90E02843-42CC-4C2C-B657-AB6EE7D00471.dll" />
        <FileItem Name="Basics/Standard.IoModbus#SYMLINKMULTIVARDST_1559B0FF8170C9BA0.bin" Library="Standard.IoModbus.90E02843-42CC-4C2C-B657-AB6EE7D00471.dll" />
        <FileItem Name="Basics/Standard.IoModbus#NOT_42C76073DCEB1A7A.bin" Library="Standard.IoModbus.90E02843-42CC-4C2C-B657-AB6EE7D00471.dll" />
        <FileItem Name="Basics/Standard.IoModbus#E_REND_X_148CCC6046D4CE74C.bin" Library="Standard.IoModbus.90E02843-42CC-4C2C-B657-AB6EE7D00471.dll" />
        <FileItem Name="Composites/Standard.IoModbus#MODBUSGENTCPS.bin" Library="Standard.IoModbus.90E02843-42CC-4C2C-B657-AB6EE7D00471.dll" />
        <FileItem Name="Composites/Standard.IoModbus#MODBUSRCOIL8_HMI.bin" Library="Standard.IoModbus.90E02843-42CC-4C2C-B657-AB6EE7D00471.dll" />
        <FileItem Name="Basics/Standard.IoModbus#SYMLINKMULTIVARSRC_802772FD4080E26E.bin" Library="Standard.IoModbus.90E02843-42CC-4C2C-B657-AB6EE7D00471.dll" />
        <FileItem Name="Basics/Standard.IoModbus#PD_ANY_IN_17847B0F6BAB60A94.bin" Library="Standard.IoModbus.90E02843-42CC-4C2C-B657-AB6EE7D00471.dll" />
        <FileItem Name="Basics/Standard.IoModbus#SYMLINKMULTIVARDST_5A03F112CD5D470.bin" Library="Standard.IoModbus.90E02843-42CC-4C2C-B657-AB6EE7D00471.dll" />
        <FileItem Name="Basics/Standard.IoModbus#COMPARE_739E3FB559152FE.bin" Library="Standard.IoModbus.90E02843-42CC-4C2C-B657-AB6EE7D00471.dll" />
        <FileItem Name="Composites/Standard.IoModbus#MODBUSRCOIL8.bin" Library="Standard.IoModbus.90E02843-42CC-4C2C-B657-AB6EE7D00471.dll" />
        <FileItem Name="Composites/Standard.IoModbus#MODBUSWCOIL8_HMI.bin" Library="Standard.IoModbus.90E02843-42CC-4C2C-B657-AB6EE7D00471.dll" />
        <FileItem Name="Composites/Standard.IoModbus#HW_OCINIT.bin" Library="Standard.IoModbus.90E02843-42CC-4C2C-B657-AB6EE7D00471.dll" />
        <FileItem Name="Basics/Standard.IoModbus#SYMLINKMULTIVARDST_91EC7219ED37E472.bin" Library="Standard.IoModbus.90E02843-42CC-4C2C-B657-AB6EE7D00471.dll" />
        <FileItem Name="Basics/Standard.IoModbus#PD_ANY_OUT_1454F48B413EF8B3F.bin" Library="Standard.IoModbus.90E02843-42CC-4C2C-B657-AB6EE7D00471.dll" />
        <FileItem Name="Composites/Standard.IoModbus#MODBUSWCOIL8.bin" Library="Standard.IoModbus.90E02843-42CC-4C2C-B657-AB6EE7D00471.dll" />
        <FileItem Name="Composites/Standard.IoModbus#MODBUSRREG1_HMI.bin" Library="Standard.IoModbus.90E02843-42CC-4C2C-B657-AB6EE7D00471.dll" />
        <FileItem Name="Basics/Standard.IoModbus#SYMLINKMULTIVARSRC_18556BCA74EA878F1.bin" Library="Standard.IoModbus.90E02843-42CC-4C2C-B657-AB6EE7D00471.dll" />
        <FileItem Name="Basics/Standard.IoModbus#PD_ANY_IN_842F42743DE0B99A.bin" Library="Standard.IoModbus.90E02843-42CC-4C2C-B657-AB6EE7D00471.dll" />
        <FileItem Name="Composites/Standard.IoModbus#MODBUSRREG1.bin" Library="Standard.IoModbus.90E02843-42CC-4C2C-B657-AB6EE7D00471.dll" />
        <FileItem Name="Composites/Standard.IoModbus#MODBUSWREG4_HMI.bin" Library="Standard.IoModbus.90E02843-42CC-4C2C-B657-AB6EE7D00471.dll" />
        <FileItem Name="Basics/Standard.IoModbus#SYMLINKMULTIVARDST_15292F208F22048C1.bin" Library="Standard.IoModbus.90E02843-42CC-4C2C-B657-AB6EE7D00471.dll" />
        <FileItem Name="Basics/Standard.IoModbus#PD_ANY_OUT_26E1DB3412DDAC62.bin" Library="Standard.IoModbus.90E02843-42CC-4C2C-B657-AB6EE7D00471.dll" />
        <FileItem Name="Composites/Standard.IoModbus#MODBUSWREG4.bin" Library="Standard.IoModbus.90E02843-42CC-4C2C-B657-AB6EE7D00471.dll" />
        <FileItem Name="Composites/Standard.IoModbus#MODBUSSLOTEND.bin" Library="Standard.IoModbus.90E02843-42CC-4C2C-B657-AB6EE7D00471.dll" />
        <FileItem Name="Composites/Standard.IoModbus#MODBUSSLAVEND.bin" Library="Standard.IoModbus.90E02843-42CC-4C2C-B657-AB6EE7D00471.dll" />
      </FileGroup>
      <FileGroup Name="UnusedLibraryItems">
        <FileItem Name="Basics/Standard.IoModbus#DWORD_TO_REAL_C.bin" Library="Standard.IoModbus.90E02843-42CC-4C2C-B657-AB6EE7D00471.dll" BuildId="e140c1d9-605b-4b0d-cb9f-4ad01bfd766c" />
        <FileItem Name="Basics/Standard.IoModbus#PD_ANY_IN_162247B921EDAFC6.bin" Library="Standard.IoModbus.90E02843-42CC-4C2C-B657-AB6EE7D00471.dll" BuildId="afbe1699-7e69-39f5-f480-329a05356884" />
        <FileItem Name="Basics/Standard.IoModbus#PD_ANY_IN_168A2D3DE3610A172.bin" Library="Standard.IoModbus.90E02843-42CC-4C2C-B657-AB6EE7D00471.dll" BuildId="be265347-e144-8375-afcf-245f5d7e4150" />
        <FileItem Name="Basics/Standard.IoModbus#PD_ANY_IN_1759B01377C88D086.bin" Library="Standard.IoModbus.90E02843-42CC-4C2C-B657-AB6EE7D00471.dll" BuildId="6a6878ee-7777-1c46-6e76-4f7c3ba31a2b" />
        <FileItem Name="Basics/Standard.IoModbus#PD_ANY_IN_179BF772942EAE51D.bin" Library="Standard.IoModbus.90E02843-42CC-4C2C-B657-AB6EE7D00471.dll" BuildId="f3b23e20-b3ba-627f-5afd-560734977b8d" />
        <FileItem Name="Basics/Standard.IoModbus#PD_ANY_IN_202A5EDB0472CDE7C.bin" Library="Standard.IoModbus.90E02843-42CC-4C2C-B657-AB6EE7D00471.dll" BuildId="9e040253-9966-95e5-a17c-062f8d5758bd" />
        <FileItem Name="Basics/Standard.IoModbus#PD_ANY_IN_32BBCCA083A7D550.bin" Library="Standard.IoModbus.90E02843-42CC-4C2C-B657-AB6EE7D00471.dll" BuildId="25a6ee9b-1e4f-91ce-8a5c-19777dcf814d" />
        <FileItem Name="Basics/Standard.IoModbus#PD_ANY_IN_407C1B1F63E48C5D.bin" Library="Standard.IoModbus.90E02843-42CC-4C2C-B657-AB6EE7D00471.dll" BuildId="b3c64c4a-5711-5950-d1f8-35c30d081815" />
        <FileItem Name="Basics/Standard.IoModbus#PD_ANY_IN_61A0CA96B310459A.bin" Library="Standard.IoModbus.90E02843-42CC-4C2C-B657-AB6EE7D00471.dll" BuildId="220b2bc9-babe-76f3-9140-90b510195e25" />
        <FileItem Name="Basics/Standard.IoModbus#PD_ANY_IN_719A9D49EF382714.bin" Library="Standard.IoModbus.90E02843-42CC-4C2C-B657-AB6EE7D00471.dll" BuildId="8d42ff05-4ce2-5c6d-7af5-37b09d91b3f7" />
        <FileItem Name="Basics/Standard.IoModbus#PD_ANY_OUT_120D5EA4A045CF32F.bin" Library="Standard.IoModbus.90E02843-42CC-4C2C-B657-AB6EE7D00471.dll" BuildId="fc91385e-ac05-369a-b8de-cb7486f5d7e3" />
        <FileItem Name="Basics/Standard.IoModbus#PD_ANY_OUT_127753DFEE1CA6E0A.bin" Library="Standard.IoModbus.90E02843-42CC-4C2C-B657-AB6EE7D00471.dll" BuildId="0e6216d0-936c-56ab-9ad7-2026c8725bb6" />
        <FileItem Name="Basics/Standard.IoModbus#PD_ANY_OUT_1402C3A82E5634673.bin" Library="Standard.IoModbus.90E02843-42CC-4C2C-B657-AB6EE7D00471.dll" BuildId="5b29b11f-cae2-f6aa-5a41-916e3e7e5866" />
        <FileItem Name="Basics/Standard.IoModbus#PD_ANY_OUT_142F9E816C08847A9.bin" Library="Standard.IoModbus.90E02843-42CC-4C2C-B657-AB6EE7D00471.dll" BuildId="110495b0-cc43-2777-ddaf-0ee2ad94c300" />
        <FileItem Name="Basics/Standard.IoModbus#PD_ANY_OUT_1568FA65505777353.bin" Library="Standard.IoModbus.90E02843-42CC-4C2C-B657-AB6EE7D00471.dll" BuildId="9dd487a9-ea66-c98e-4e12-c98eb20dd3b3" />
        <FileItem Name="Basics/Standard.IoModbus#PD_ANY_OUT_179B9F9364EF1EA9C.bin" Library="Standard.IoModbus.90E02843-42CC-4C2C-B657-AB6EE7D00471.dll" BuildId="59960e7f-ceed-d695-4412-b3aba439aa92" />
        <FileItem Name="Basics/Standard.IoModbus#PD_ANY_OUT_203E39C448B9FB76F.bin" Library="Standard.IoModbus.90E02843-42CC-4C2C-B657-AB6EE7D00471.dll" BuildId="78175e1c-ce8e-f851-a9cc-fd243726ce2e" />
        <FileItem Name="Basics/Standard.IoModbus#PD_ANY_OUT_209268A1F951885E.bin" Library="Standard.IoModbus.90E02843-42CC-4C2C-B657-AB6EE7D00471.dll" BuildId="7201162b-9b37-3ec5-1a56-00312860a1ed" />
        <FileItem Name="Basics/Standard.IoModbus#PD_ANY_OUT_254A60E466078F24E.bin" Library="Standard.IoModbus.90E02843-42CC-4C2C-B657-AB6EE7D00471.dll" BuildId="f96184d9-75d2-dcec-4c7b-eaee1475c583" />
        <FileItem Name="Basics/Standard.IoModbus#SYMLINKMULTIVARDST_14740B92FF0F9A64B.bin" Library="Standard.IoModbus.90E02843-42CC-4C2C-B657-AB6EE7D00471.dll" BuildId="dd13e4a6-4d29-9fe1-1280-8766610db095" />
        <FileItem Name="Basics/Standard.IoModbus#SYMLINKMULTIVARDST_184BA62D721027C6E.bin" Library="Standard.IoModbus.90E02843-42CC-4C2C-B657-AB6EE7D00471.dll" BuildId="18ce9da6-cb1e-d824-b5bd-0e84e3db4e0a" />
        <FileItem Name="Basics/Standard.IoModbus#SYMLINKMULTIVARDST_192DB474C64E14111.bin" Library="Standard.IoModbus.90E02843-42CC-4C2C-B657-AB6EE7D00471.dll" BuildId="56ec81dc-25eb-bb03-19de-564bf124bebd" />
        <FileItem Name="Basics/Standard.IoModbus#SYMLINKMULTIVARDST_19628BFC3C74F1AB1.bin" Library="Standard.IoModbus.90E02843-42CC-4C2C-B657-AB6EE7D00471.dll" BuildId="9aa3b69a-773e-1166-e802-42a57904a1e6" />
        <FileItem Name="Basics/Standard.IoModbus#SYMLINKMULTIVARDST_197068ABA215D7EBA.bin" Library="Standard.IoModbus.90E02843-42CC-4C2C-B657-AB6EE7D00471.dll" BuildId="5ba43ba1-ef3f-4d1b-fb8c-d61caf200136" />
        <FileItem Name="Basics/Standard.IoModbus#SYMLINKMULTIVARDST_277E97BEC1451D2C.bin" Library="Standard.IoModbus.90E02843-42CC-4C2C-B657-AB6EE7D00471.dll" BuildId="122d541e-4269-c696-6885-e34bd9e039e0" />
        <FileItem Name="Basics/Standard.IoModbus#SYMLINKMULTIVARDST_5523D0A40E83C5C4.bin" Library="Standard.IoModbus.90E02843-42CC-4C2C-B657-AB6EE7D00471.dll" BuildId="a78a0275-9365-5f0a-a308-4b772c0fd44a" />
        <FileItem Name="Basics/Standard.IoModbus#SYMLINKMULTIVARSRC_17288534159D2E88D.bin" Library="Standard.IoModbus.90E02843-42CC-4C2C-B657-AB6EE7D00471.dll" BuildId="ed57b680-7bd4-7f80-0d34-46657dd2ba5e" />
        <FileItem Name="Basics/Standard.IoModbus#SYMLINKMULTIVARSRC_1923BFCE071A64099.bin" Library="Standard.IoModbus.90E02843-42CC-4C2C-B657-AB6EE7D00471.dll" BuildId="42eb9f55-b73d-a929-03b8-d297ce594e41" />
        <FileItem Name="Basics/Standard.IoModbus#SYMLINKMULTIVARSRC_2312781F25EC28EEF.bin" Library="Standard.IoModbus.90E02843-42CC-4C2C-B657-AB6EE7D00471.dll" BuildId="bd4b5045-42a4-d1e7-7cff-1a7e1fc9dd3d" />
        <FileItem Name="Basics/Standard.IoModbus#SYMLINKMULTIVARSRC_245F63E78A1EAB7B1.bin" Library="Standard.IoModbus.90E02843-42CC-4C2C-B657-AB6EE7D00471.dll" BuildId="60732c8e-bee0-1ff0-c6ce-b917cefc9ddd" />
        <FileItem Name="Basics/Standard.IoModbus#SYMLINKMULTIVARSRC_298DC1F529059FB5.bin" Library="Standard.IoModbus.90E02843-42CC-4C2C-B657-AB6EE7D00471.dll" BuildId="49ff40a1-a2c4-b4af-b764-c687568a93d9" />
        <FileItem Name="Basics/Standard.IoModbus#SYMLINKMULTIVARSRC_31AABE235C4115DF.bin" Library="Standard.IoModbus.90E02843-42CC-4C2C-B657-AB6EE7D00471.dll" BuildId="eb16dd82-5c43-86d8-8306-b73da4feb145" />
        <FileItem Name="Basics/Standard.IoModbus#SYMLINKMULTIVARSRC_32F0FE5D67925F10.bin" Library="Standard.IoModbus.90E02843-42CC-4C2C-B657-AB6EE7D00471.dll" BuildId="8f8ff649-9601-cb92-31dc-62df3a5b6e7c" />
        <FileItem Name="Basics/Standard.IoModbus#SYMLINKMULTIVARSRC_585DF7B5F3C91BA8.bin" Library="Standard.IoModbus.90E02843-42CC-4C2C-B657-AB6EE7D00471.dll" BuildId="2e5b504d-eb2e-f7a6-1858-df4c22c0e1a6" />
        <FileItem Name="Basics/Standard.IoModbus#SYMLINKMULTIVARSRC_858FA8D101163416.bin" Library="Standard.IoModbus.90E02843-42CC-4C2C-B657-AB6EE7D00471.dll" BuildId="05e1e226-4c38-2aa2-214e-848a405014ca" />
        <FileItem Name="Basics/Standard.IoModbus#VTQ_DECODE_861636EAD2C04941.bin" Library="Standard.IoModbus.90E02843-42CC-4C2C-B657-AB6EE7D00471.dll" BuildId="245989cd-44de-a440-a100-d8db98cd6b51" />
        <FileItem Name="Basics/Standard.IoModbus#VTQ_ENCODE_1322E0058A5800104.bin" Library="Standard.IoModbus.90E02843-42CC-4C2C-B657-AB6EE7D00471.dll" BuildId="54d0fe6b-c104-d2ac-8189-ee31507ff94d" />
        <FileItem Name="Adapters/Standard.IoModbus#IHwSlaveConfigSerial.bin" Library="Standard.IoModbus.90E02843-42CC-4C2C-B657-AB6EE7D00471.dll" BuildId="54a63c05-fe0b-30d6-25d5-00a47eacb3c4" />
        <FileItem Name="Composites/Standard.IoModbus#MODBUSGENSERIALS.bin" Library="Standard.IoModbus.90E02843-42CC-4C2C-B657-AB6EE7D00471.dll" BuildId="f00a8b21-f098-4428-a920-6f9d0703cb1f" />
        <FileItem Name="Composites/Standard.IoModbus#MODBUSGENSERIALS_HMI.bin" Library="Standard.IoModbus.90E02843-42CC-4C2C-B657-AB6EE7D00471.dll" BuildId="00d799f3-7a81-1abd-6312-efea686920f9" />
        <FileItem Name="Composites/Standard.IoModbus#MODBUSSERIAL.bin" Library="Standard.IoModbus.90E02843-42CC-4C2C-B657-AB6EE7D00471.dll" BuildId="3da70302-033b-ef51-34d5-0e9e7e16411f" />
        <FileItem Name="Composites/Standard.IoModbus#MODBUSSERIAL_HMI.bin" Library="Standard.IoModbus.90E02843-42CC-4C2C-B657-AB6EE7D00471.dll" BuildId="6973d2ec-d00e-c7e7-e226-0fac62d6efc1" />
        <FileItem Name="Composites/Standard.IoModbus#MODBUSSLAVEENDSERIAL.bin" Library="Standard.IoModbus.90E02843-42CC-4C2C-B657-AB6EE7D00471.dll" BuildId="81eb7518-8c56-a6e4-0361-fcd43f833f20" />
        <FileItem Name="Composites/Standard.IoModbus#MODBUSSLAVEENDSERIAL_HMI.bin" Library="Standard.IoModbus.90E02843-42CC-4C2C-B657-AB6EE7D00471.dll" BuildId="bbb7ee27-e438-2944-fb20-186d8e22c53e" />
        <FileItem Name="Composites/Standard.IoModbus#OCINIT.bin" Library="Standard.IoModbus.90E02843-42CC-4C2C-B657-AB6EE7D00471.dll" BuildId="55828534-4836-d4c2-d77b-254d9f81fcc9" />
        <FileItem Name="Composites/Standard.IoModbus#OCINIT_BAK.bin" Library="Standard.IoModbus.90E02843-42CC-4C2C-B657-AB6EE7D00471.dll" BuildId="1300255a-1789-1a3d-f81c-8d09d5f68db4" />
        <FileItem Name="Composites/Standard.IoModbus#MODBUSRCOIL1.bin" Library="Standard.IoModbus.90E02843-42CC-4C2C-B657-AB6EE7D00471.dll" BuildId="e8c2e60e-e7bc-afb7-c614-f09b13f04b5a" />
        <FileItem Name="Composites/Standard.IoModbus#MODBUSRCOIL1_HMI.bin" Library="Standard.IoModbus.90E02843-42CC-4C2C-B657-AB6EE7D00471.dll" BuildId="41862340-b41a-562b-2152-411cb629bf30" />
        <FileItem Name="Composites/Standard.IoModbus#MODBUSRCOIL2.bin" Library="Standard.IoModbus.90E02843-42CC-4C2C-B657-AB6EE7D00471.dll" BuildId="c773f3b0-7e65-a568-585e-cc9d19cc4920" />
        <FileItem Name="Composites/Standard.IoModbus#MODBUSRCOIL2_HMI.bin" Library="Standard.IoModbus.90E02843-42CC-4C2C-B657-AB6EE7D00471.dll" BuildId="07bcbaec-142b-8bc5-040d-7d8277785251" />
        <FileItem Name="Composites/Standard.IoModbus#MODBUSRCOIL4.bin" Library="Standard.IoModbus.90E02843-42CC-4C2C-B657-AB6EE7D00471.dll" BuildId="96c40064-4e50-c58d-c241-a7b94fbe1674" />
        <FileItem Name="Composites/Standard.IoModbus#MODBUSRCOIL4_HMI.bin" Library="Standard.IoModbus.90E02843-42CC-4C2C-B657-AB6EE7D00471.dll" BuildId="8700879a-b746-c157-aa17-08ceffeb0cf5" />
        <FileItem Name="Composites/Standard.IoModbus#MODBUSRREG1_REAL.bin" Library="Standard.IoModbus.90E02843-42CC-4C2C-B657-AB6EE7D00471.dll" BuildId="02382a59-0af9-0565-be21-86c88791d2be" />
        <FileItem Name="Composites/Standard.IoModbus#MODBUSRREG1_REAL_HMI.bin" Library="Standard.IoModbus.90E02843-42CC-4C2C-B657-AB6EE7D00471.dll" BuildId="dfb70e14-f686-5e46-7592-fabd9f5722a0" />
        <FileItem Name="Composites/Standard.IoModbus#MODBUSRREG2.bin" Library="Standard.IoModbus.90E02843-42CC-4C2C-B657-AB6EE7D00471.dll" BuildId="95e87aa0-ee75-5b30-923d-0f5ed3b3ca16" />
        <FileItem Name="Composites/Standard.IoModbus#MODBUSRREG2_HMI.bin" Library="Standard.IoModbus.90E02843-42CC-4C2C-B657-AB6EE7D00471.dll" BuildId="918935ac-21cc-9440-04b5-b3c5e2ef4ac6" />
        <FileItem Name="Composites/Standard.IoModbus#MODBUSRREG2_REAL.bin" Library="Standard.IoModbus.90E02843-42CC-4C2C-B657-AB6EE7D00471.dll" BuildId="dcbd528d-8202-9f76-4c85-9aecd9eafa33" />
        <FileItem Name="Composites/Standard.IoModbus#MODBUSRREG2_REAL_HMI.bin" Library="Standard.IoModbus.90E02843-42CC-4C2C-B657-AB6EE7D00471.dll" BuildId="abbb8912-46c5-0a6b-316c-3597e177de01" />
        <FileItem Name="Composites/Standard.IoModbus#MODBUSRREG4.bin" Library="Standard.IoModbus.90E02843-42CC-4C2C-B657-AB6EE7D00471.dll" BuildId="56159677-4e1d-b70b-bc3c-3c2bd07281d8" />
        <FileItem Name="Composites/Standard.IoModbus#MODBUSRREG4_HMI.bin" Library="Standard.IoModbus.90E02843-42CC-4C2C-B657-AB6EE7D00471.dll" BuildId="3088a55e-d02b-8361-92c4-15310a23d8dd" />
        <FileItem Name="Composites/Standard.IoModbus#MODBUSRREG4_REAL.bin" Library="Standard.IoModbus.90E02843-42CC-4C2C-B657-AB6EE7D00471.dll" BuildId="416741cf-6a99-cf0d-8768-591ac4d1dcd0" />
        <FileItem Name="Composites/Standard.IoModbus#MODBUSRREG4_REAL_HMI.bin" Library="Standard.IoModbus.90E02843-42CC-4C2C-B657-AB6EE7D00471.dll" BuildId="c8d403ce-dae9-9ab6-0491-b537206f88ad" />
        <FileItem Name="Composites/Standard.IoModbus#MODBUSWREG1_REAL.bin" Library="Standard.IoModbus.90E02843-42CC-4C2C-B657-AB6EE7D00471.dll" BuildId="f7ead3a1-cc12-6e5e-1776-955f9dd20e01" />
        <FileItem Name="Composites/Standard.IoModbus#MODBUSWREG1_REAL_HMI.bin" Library="Standard.IoModbus.90E02843-42CC-4C2C-B657-AB6EE7D00471.dll" BuildId="99738c5e-1fe6-c130-e8bd-3d2bb7f09751" />
        <FileItem Name="Composites/Standard.IoModbus#MODBUSWREG2_REAL.bin" Library="Standard.IoModbus.90E02843-42CC-4C2C-B657-AB6EE7D00471.dll" BuildId="f6681a4b-cc40-98ce-42b7-2d682e3822bd" />
        <FileItem Name="Composites/Standard.IoModbus#MODBUSWREG2_REAL_HMI.bin" Library="Standard.IoModbus.90E02843-42CC-4C2C-B657-AB6EE7D00471.dll" BuildId="b56afa4d-a697-3975-3ab2-fd8a206ebead" />
        <FileItem Name="Composites/Standard.IoModbus#MODBUSWREG4_REAL.bin" Library="Standard.IoModbus.90E02843-42CC-4C2C-B657-AB6EE7D00471.dll" BuildId="f680bf00-0d65-1691-37d4-4402d966a3d2" />
        <FileItem Name="Composites/Standard.IoModbus#MODBUSWREG4_REAL_HMI.bin" Library="Standard.IoModbus.90E02843-42CC-4C2C-B657-AB6EE7D00471.dll" BuildId="2c05f3d0-8dd9-b6bb-c85d-5a3b2da8884e" />
        <FileItem Name="Composites/Standard.IoModbus#MODBUSRREG8.bin" Library="Standard.IoModbus.90E02843-42CC-4C2C-B657-AB6EE7D00471.dll" BuildId="eaf31c3b-2ec9-5cd2-6d87-a6d31442e04e" />
        <FileItem Name="Composites/Standard.IoModbus#MODBUSRREG8_HMI.bin" Library="Standard.IoModbus.90E02843-42CC-4C2C-B657-AB6EE7D00471.dll" BuildId="ceac8584-1c81-01ed-eb9f-fc4cd69a5272" />
        <FileItem Name="Composites/Standard.IoModbus#MODBUSSLOTEND_HMI.bin" Library="Standard.IoModbus.90E02843-42CC-4C2C-B657-AB6EE7D00471.dll" BuildId="620aced8-6d85-c9fd-8309-8eb177feaea5" />
        <FileItem Name="Composites/Standard.IoModbus#MODBUSWCOIL1.bin" Library="Standard.IoModbus.90E02843-42CC-4C2C-B657-AB6EE7D00471.dll" BuildId="c517f4e4-e713-a110-61b4-75971038b164" />
        <FileItem Name="Composites/Standard.IoModbus#MODBUSWCOIL1_HMI.bin" Library="Standard.IoModbus.90E02843-42CC-4C2C-B657-AB6EE7D00471.dll" BuildId="f13ec376-292a-e11a-60da-8113278951d4" />
        <FileItem Name="Composites/Standard.IoModbus#MODBUSWCOIL2.bin" Library="Standard.IoModbus.90E02843-42CC-4C2C-B657-AB6EE7D00471.dll" BuildId="6468669a-f634-e3ae-e615-f6cd1565987e" />
        <FileItem Name="Composites/Standard.IoModbus#MODBUSWCOIL2_HMI.bin" Library="Standard.IoModbus.90E02843-42CC-4C2C-B657-AB6EE7D00471.dll" BuildId="8d9686ec-914d-0c0b-a81e-5e7a1e148b5e" />
        <FileItem Name="Composites/Standard.IoModbus#MODBUSWCOIL4.bin" Library="Standard.IoModbus.90E02843-42CC-4C2C-B657-AB6EE7D00471.dll" BuildId="33ce6f1b-8d16-2d87-c934-bed8a08eea26" />
        <FileItem Name="Composites/Standard.IoModbus#MODBUSWCOIL4_HMI.bin" Library="Standard.IoModbus.90E02843-42CC-4C2C-B657-AB6EE7D00471.dll" BuildId="2ef17f71-c004-d439-e1bf-99713e41b82c" />
        <FileItem Name="Composites/Standard.IoModbus#MODBUSWREG1.bin" Library="Standard.IoModbus.90E02843-42CC-4C2C-B657-AB6EE7D00471.dll" BuildId="78f9763a-4581-ba8b-1abe-e2624e4b2491" />
        <FileItem Name="Composites/Standard.IoModbus#MODBUSWREG1_HMI.bin" Library="Standard.IoModbus.90E02843-42CC-4C2C-B657-AB6EE7D00471.dll" BuildId="bfa2c729-1b9a-59b3-3a9c-1e17caa27172" />
        <FileItem Name="Composites/Standard.IoModbus#MODBUSWREG2.bin" Library="Standard.IoModbus.90E02843-42CC-4C2C-B657-AB6EE7D00471.dll" BuildId="5a36990c-825f-9131-b2fb-24f2c857784b" />
        <FileItem Name="Composites/Standard.IoModbus#MODBUSWREG2_HMI.bin" Library="Standard.IoModbus.90E02843-42CC-4C2C-B657-AB6EE7D00471.dll" BuildId="2200e011-53bb-42b5-d1e1-1b8e157151f8" />
        <FileItem Name="Composites/Standard.IoModbus#MODBUSWREG8.bin" Library="Standard.IoModbus.90E02843-42CC-4C2C-B657-AB6EE7D00471.dll" BuildId="7c334111-3107-dc90-a41c-b5bcc116950d" />
        <FileItem Name="Composites/Standard.IoModbus#MODBUSWREG8_HMI.bin" Library="Standard.IoModbus.90E02843-42CC-4C2C-B657-AB6EE7D00471.dll" BuildId="2f9bcd46-323e-4364-89bd-5111f95db510" />
        <FileItem Name="HMIAccessors/Standard.IoModbus#MODBUSSLAVEND_HMI.bin" Library="Standard.IoModbus.90E02843-42CC-4C2C-B657-AB6EE7D00471.dll" BuildId="53ec4f39-e495-3c20-e84f-cb6eb34e3743" />
        <FileItem Name="Basics/SE.DPAC#FilterMode.bin" Library="SE.DPAC.90E02843-42CC-4C2C-B657-AB6EE7D00471.dll" BuildId="accfc058-2ec8-8af5-9ef1-6d8c379525c6" />
        <FileItem Name="DataTypes/SE.DPAC#INIT_MODE.bin" Library="SE.DPAC.90E02843-42CC-4C2C-B657-AB6EE7D00471.dll" BuildId="39c5700e-a118-ecb5-64e4-5941391237ca" />
        <FileItem Name="Basics/Runtime.System#STATS_LOGGER_FOREACH.bin" Library="Runtime.Base.90E02843-42CC-4C2C-B657-AB6EE7D00471.dll" BuildId="a7227c29-21b7-6dcb-421c-d2bef202a9fa" />
        <FileItem Name="Basics/Runtime.System#STATS_LOGGER_INTEGRATE.bin" Library="Runtime.Base.90E02843-42CC-4C2C-B657-AB6EE7D00471.dll" BuildId="fbcc2314-012a-cb48-ce23-c076b786fcdf" />
        <FileItem Name="Basics/Runtime.System#STATS_LOGGER_MAX.bin" Library="Runtime.Base.90E02843-42CC-4C2C-B657-AB6EE7D00471.dll" BuildId="5484a9ca-2b90-fa55-5fc8-7cc8af6322df" />
        <FileItem Name="Basics/Runtime.System#STATS_LOGGER_TRIGIFCHG.bin" Library="Runtime.Base.90E02843-42CC-4C2C-B657-AB6EE7D00471.dll" BuildId="d6f01f93-c1ca-0930-e445-943d18f137e5" />
        <FileItem Name="Basics/Runtime.Base#CALC_FORMULAR_1083E3E909ACADBCE.bin" Library="Runtime.Base.90E02843-42CC-4C2C-B657-AB6EE7D00471.dll" BuildId="53736963-2446-de20-bc83-1813bde4f6ee" />
        <FileItem Name="Basics/Runtime.Base#LOGGER_155D57247838A5DA.bin" Library="Runtime.Base.90E02843-42CC-4C2C-B657-AB6EE7D00471.dll" BuildId="efcd0f31-1b5f-af69-fd03-40e7175360b2" />
        <FileItem Name="Basics/Runtime.Base#LOGGER_184C8EEFC544FDCD6.bin" Library="Runtime.Base.90E02843-42CC-4C2C-B657-AB6EE7D00471.dll" BuildId="fa00968b-1643-0e90-089d-4c33f8b94a18" />
        <FileItem Name="Basics/Runtime.Base#LOGGER_195565B3837D764AA.bin" Library="Runtime.Base.90E02843-42CC-4C2C-B657-AB6EE7D00471.dll" BuildId="0cafcfd7-a1c7-3ae9-6666-a84c1e636c27" />
        <FileItem Name="Basics/Runtime.Base#LOGGER_20B7E110AFE41B3E.bin" Library="Runtime.Base.90E02843-42CC-4C2C-B657-AB6EE7D00471.dll" BuildId="be2b3de6-27d0-073b-ea40-57c677a256f1" />
        <FileItem Name="Basics/Runtime.Base#LOGGER_66B4A6A21361437E.bin" Library="Runtime.Base.90E02843-42CC-4C2C-B657-AB6EE7D00471.dll" BuildId="8a024780-a444-f7fa-33cd-df2b972a0e33" />
        <FileItem Name="Basics/Runtime.Base#MIBGET_121694517E0B77D78.bin" Library="Runtime.Base.90E02843-42CC-4C2C-B657-AB6EE7D00471.dll" BuildId="3d65d03d-9f2b-09e5-68c4-754ef712e026" />
        <FileItem Name="Basics/Runtime.Base#MIBGET_132BE7FE91D7E34F6.bin" Library="Runtime.Base.90E02843-42CC-4C2C-B657-AB6EE7D00471.dll" BuildId="abc43cec-026a-4e71-b9f1-b7fb1ae62049" />
        <FileItem Name="Basics/Runtime.Base#MIBGET_135A78382E86EB73F.bin" Library="Runtime.Base.90E02843-42CC-4C2C-B657-AB6EE7D00471.dll" BuildId="0853e6fb-ac8c-8d83-f05a-1f62558f5634" />
        <FileItem Name="Basics/Runtime.Base#MIBGET_1674BF5180165F1DC.bin" Library="Runtime.Base.90E02843-42CC-4C2C-B657-AB6EE7D00471.dll" BuildId="2e37050a-c864-54b1-6282-c56d3ffecd02" />
        <FileItem Name="Basics/Runtime.Base#MIBGET_2306598528D866797.bin" Library="Runtime.Base.90E02843-42CC-4C2C-B657-AB6EE7D00471.dll" BuildId="07888465-4fc5-0d6f-9d2d-395a52a63eb9" />
        <FileItem Name="Basics/Runtime.Base#MIBGET_757D089DA128B425.bin" Library="Runtime.Base.90E02843-42CC-4C2C-B657-AB6EE7D00471.dll" BuildId="b07d6beb-7cac-cc19-757c-b93b6cd68dd9" />
        <FileItem Name="Basics/Runtime.Base#MIBGET_90ABA413686DA5F1.bin" Library="Runtime.Base.90E02843-42CC-4C2C-B657-AB6EE7D00471.dll" BuildId="dfde58c5-8344-14b9-066a-40a08845d698" />
        <FileItem Name="Services/Runtime.Fieldbus#BM_CAB.bin" Library="Runtime.Base.90E02843-42CC-4C2C-B657-AB6EE7D00471.dll" BuildId="b1821f4b-a2cd-3d13-d902-5860c5a995b9" />
        <FileItem Name="Services/Runtime.Fieldbus#BM_CUB.bin" Library="Runtime.Base.90E02843-42CC-4C2C-B657-AB6EE7D00471.dll" BuildId="c8355a8e-23aa-2259-a8a9-fbded08f55cf" />
        <FileItem Name="Services/Runtime.Fieldbus#BM_CIFXPB.bin" Library="Runtime.Base.90E02843-42CC-4C2C-B657-AB6EE7D00471.dll" BuildId="de7c99ae-ee13-1faa-d68b-e5a3fc4061bc" />
        <FileItem Name="Services/Runtime.Fieldbus#BM_PROFINET_SCAI.bin" Library="Runtime.Base.90E02843-42CC-4C2C-B657-AB6EE7D00471.dll" BuildId="484b6a7b-4187-da4e-b7eb-bd6ca6f9cc02" />
        <FileItem Name="Services/Runtime.Fieldbus#BM_DCSMINI.bin" Library="Runtime.Base.90E02843-42CC-4C2C-B657-AB6EE7D00471.dll" BuildId="51cfac7f-e83e-6747-3d44-6a65e9d2b78c" />
        <FileItem Name="Services/Runtime.Fieldbus#BM_ETHERCAT.bin" Library="Runtime.Base.90E02843-42CC-4C2C-B657-AB6EE7D00471.dll" BuildId="c3253d5c-26ca-0476-a064-9f6d30515e85" />
        <FileItem Name="Services/Runtime.Fieldbus#BM_FILE.bin" Library="Runtime.Base.90E02843-42CC-4C2C-B657-AB6EE7D00471.dll" BuildId="d22fdf35-3d71-a377-90ed-8a51e5287e34" />
        <FileItem Name="Services/Runtime.Standard#E_REND_X.bin" Library="Runtime.Base.90E02843-42CC-4C2C-B657-AB6EE7D00471.dll" BuildId="825b6a56-bc91-b9ef-71d2-d16faed0dea3" />
        <FileItem Name="Services/Runtime.System#COMM_ADAPTER_PLUG_PROXY.bin" Library="Runtime.Base.90E02843-42CC-4C2C-B657-AB6EE7D00471.dll" BuildId="3d071fad-3255-4489-55e0-92ef65edf609" />
        <FileItem Name="Services/Runtime.System#COMM_ADAPTER_SOCKET_PROXY.bin" Library="Runtime.Base.90E02843-42CC-4C2C-B657-AB6EE7D00471.dll" BuildId="97768eab-40b0-b3f3-6743-867a38997141" />
        <FileItem Name="Resources/Runtime.Management#EMB_RES_ECO.bin" Library="Runtime.Base.90E02843-42CC-4C2C-B657-AB6EE7D00471.dll" BuildId="4dfdb5d2-1fdf-79fc-7373-d5d6350d3896" />
        <FileItem Name="Resources/IEC61499.Management#EMB_RES.bin" Library="Runtime.Base.90E02843-42CC-4C2C-B657-AB6EE7D00471.dll" BuildId="97a3b5e2-6833-3bfe-a5ca-08ec97f8e837" />
        <FileItem Name="Resources/Runtime.Management#EMB_RES_ENH.bin" Library="Runtime.Base.90E02843-42CC-4C2C-B657-AB6EE7D00471.dll" BuildId="fb401f80-4949-9367-2e0d-02db3fb015a7" />
        <FileItem Name="Resources/Runtime.Management#RMT_RES.bin" Library="Runtime.Base.90E02843-42CC-4C2C-B657-AB6EE7D00471.dll" BuildId="e1bb8577-b21b-70d1-1cfa-39c310ae0125" />
        <FileItem Name="Resources/Runtime.Management#SIMULATION_RES.bin" Library="Runtime.Base.90E02843-42CC-4C2C-B657-AB6EE7D00471.dll" BuildId="68e132eb-07c3-34e9-d4b4-06cd7941e022" />
        <FileItem Name="Composites/Runtime.System#STATS_LOGGER.bin" Library="Runtime.Base.90E02843-42CC-4C2C-B657-AB6EE7D00471.dll" BuildId="0324e955-1b2e-e1ec-5256-4959a98aeb0d" />
        <FileItem Name="Composites/Runtime.System#STATS_LOGGER_ARCHIVE.bin" Library="Runtime.Base.90E02843-42CC-4C2C-B657-AB6EE7D00471.dll" BuildId="562c2456-e875-7f55-bb8e-1f9505dcb06c" />
        <FileItem Name="Composites/Runtime.System#STATS_LOGGER_DEV.bin" Library="Runtime.Base.90E02843-42CC-4C2C-B657-AB6EE7D00471.dll" BuildId="925c5027-4857-aa94-8ace-ac4395321c4e" />
        <FileItem Name="Composites/Runtime.System#STATS_LOGGER_NET.bin" Library="Runtime.Base.90E02843-42CC-4C2C-B657-AB6EE7D00471.dll" BuildId="947e7ef3-7965-3b5b-797c-7a1bcc1ad1b4" />
        <FileItem Name="Composites/Runtime.System#STATS_LOGGER_RSRC.bin" Library="Runtime.Base.90E02843-42CC-4C2C-B657-AB6EE7D00471.dll" BuildId="2926ac93-da5d-fedd-e2f0-5b98f2c518b4" />
      </FileGroup>
    </DeployInformation>
    <DeployInformation Type="HWConfig">
      <FileGroup Name="FileList">
        <FileItem Name="FactoryIO\HWConfig\MODBUS.xml" />
      </FileGroup>
      <FileGroup Name="DeployList">
        <FileItem Name="FactoryIO\HWConfig\MODBUS.xml" />
      </FileGroup>
    </DeployInformation>
  </Deployable>
</DeployFiles>