<?xml version="1.0" encoding="iso-8859-1"?>
<busmaster xmlns:xsd="http://www.w3.org/2001/XMLSchema" xmlns:xsi="http://www.w3.org/2001/XMLSchema-instance" name="MODBUS" busId="MODBUS" protocol="modbus" busCycle="T#200ms" enableSymlinkOC="false" busTolerance="10" busActionMissedCycle="1" alignWithResPriority="false">
  <connectinfo mastertype="master" transportprotocol="tcp" interframedelay="10" />
  <logging enable="false" filename="modbus.log" />
  <buscoupler name="MODBUSGENTCPS" diagnostics="disabled">
    <connectinfo transportprotocol="tcp" stationid="1" responsetimeout="500" fallbackValue="HOLD">
      <tcp ipaddress="10.172.6.93" port="502" />
      <HA secondaryheartbeat="Enabled-ReadCoilStatus" heartbeataddress="0" />
    </connectinfo>
    <busdevice name="MODBUSRCOIL8">
      <parameter addresstype="coil" length="8" addressautocalculation="disable" address="0" datatype="inonly" ioevent="cyclic" />
    </busdevice>
    <busdevice name="MODBUSWCOIL8">
      <parameter addresstype="coil" length="8" addressautocalculation="enable" address="8" datatype="output" ioevent="cyclic" />
    </busdevice>
    <busdevice name="MODBUSWCOIL8_1">
      <parameter addresstype="coil" length="8" addressautocalculation="enable" address="16" datatype="output" ioevent="cyclic" />
    </busdevice>
    <busdevice name="MODBUSRREG1">
      <parameter addresstype="register" length="1" addressautocalculation="enable" address="0" datatype="inonly" ioevent="cyclic" />
    </busdevice>
    <busdevice name="MODBUSWREG4">
      <parameter addresstype="register" length="4" addressautocalculation="enable" address="2" datatype="output" ioevent="cyclic" />
    </busdevice>
  </buscoupler>
</busmaster>