<?xml version="1.0" encoding="utf-8"?>
<CanvasesResolutionList xmlns:xsd="http://www.w3.org/2001/XMLSchema" xmlns:xsi="http://www.w3.org/2001/XMLSchema-instance" Name="Usine_de_tri_PRI_PROJET-IEC61499_V0_1" Version="1.6.0.0" xmlns="http://www.nxtcontrol.com/IEC61499.xsd">
  <CanvasResolution Name="Sans résolution" StartCanvasClass="" Width="-1" Height="-1" WorkAreaWidth="-1" WorkAreaHeight="-1" Template="" Login="true" CurrentUser="true" LanguageButton="true" RuntimeConnection="true" NavigationBar="true" NewVersionDeployed="true" WarningText="" SiblingButtonCount="5" ChildButtonCount="5" IsCanvasTopologyPanel="true" ResizeBehaviour="None" CanvasButtonHeight="30">
    <Topology Name="Default">
      <Canvases />
    </Topology>
  </CanvasResolution>
  <CanvasResolution Name="1920x1080" StartCanvasClass="HMI.Main.Canvases.StartCanvas" Width="1920" Height="1080" WorkAreaWidth="1920" WorkAreaHeight="1010" Template="Default" Logger="true" Login="true" NavigationControl="1" CurrentUser="true" LanguageButton="true" RuntimeConnection="true" NavigationBar="true" NewVersionDeployed="true" IsCanvasTopologyPanel="true" ResizeBehaviour="Standard" CanvasButtonHeight="30">
    <Topology Name="Default">
      <Canvases />
    </Topology>
  </CanvasResolution>
</CanvasesResolutionList>