﻿<?xml version="1.0" encoding="utf-8"?>
<SystemDeviceProperties xmlns:xsd="http://www.w3.org/2001/XMLSchema" xmlns:xsi="http://www.w3.org/2001/XMLSchema-instance" xmlns="http://www.nxtControl.com/DeviceProperties">
  <ComplexProperty Name="Ports" Expanded="true">
    <Property Name="Deploy" Value="51500" IsPassword="false" />
    <Property Name="Archive" Value="51497" IsPassword="false" />
  </ComplexProperty>
  <ComplexProperty Name="Configuration" Expanded="true">
    <ComplexProperty Name="Communication" Expanded="true">
      <ComplexProperty Name="ReliableCrossComm" Expanded="true">
        <Property Name="URI" Value="udp://0.0.0.0:41500" IsPassword="false" />
      </ComplexProperty>
    </ComplexProperty>
  </ComplexProperty>
</SystemDeviceProperties>